,SEQ,PERIOD,AUC,ACC,PRECISION_0,PRECISION_1,zeros,ones,ratio
0,1,1,0.4720853858784893,0.45490716180371354,0.4424131627056673,0.48792270531400966,547,207,2.642512077294686
1,1,2,0.49887133182844245,0.5862068965517241,0.0,0.5869853917662683,1,753,0.0013280212483399733
2,1,3,0.49774774774774777,0.5869853917662683,0.0,0.5885486018641811,2,751,0.002663115845539281
3,1,4,0.5022295805739515,0.602921646746348,0.6666666666666666,0.6026666666666667,3,750,0.004
4,2,1,0.4926108374384237,0.473474801061008,0.45663716814159294,0.5238095238095238,565,189,2.9894179894179893
5,2,2,0.49822689871113374,0.5856573705179283,0.25,0.5874499332443258,4,749,0.0053404539385847796
6,2,3,0.49858960902650223,0.5856573705179283,0.36363636363636365,0.5889487870619946,11,742,0.014824797843665768
7,2,4,0.49562913907284767,0.5936254980079682,0.2857142857142857,0.5994587280108254,14,739,0.018944519621109608
8,3,1,0.4822051936994466,0.46215139442231074,0.4506065857885615,0.5,577,176,3.278409090909091
9,3,2,0.49645379742226753,0.5830013280212484,0.25,0.5865771812080537,8,745,0.010738255033557046
10,3,3,0.5005575964313829,0.5856573705179283,0.42105263157894735,0.5899182561307902,19,734,0.025885558583106268
11,3,4,0.502317880794702,0.5976095617529881,0.43478260869565216,0.6027397260273972,23,730,0.031506849315068496
12,4,1,0.4770221370796084,0.4541832669322709,0.4479338842975207,0.4797297297297297,605,148,4.087837837837838
13,4,2,0.4935520279618437,0.5790172642762285,0.23076923076923078,0.5851351351351352,13,740,0.01756756756756757
14,4,3,0.5016837225575089,0.5869853917662683,0.4444444444444444,0.5904761904761905,18,735,0.024489795918367346
15,4,4,0.5317688837700355,0.6050531914893617,0.5098039215686274,0.62,102,650,0.15692307692307692
16,5,1,0.4954235845040442,0.47941567065073043,0.458955223880597,0.5299539170506913,536,217,2.4700460829493087
17,5,2,0.498874972693512,0.5830013280212484,0.3888888888888889,0.5877551020408164,18,735,0.024489795918367346
18,5,3,0.5156780156780156,0.5930851063829787,0.5192307692307693,0.5985714285714285,52,700,0.07428571428571429
19,5,4,0.5212666208923048,0.5930851063829787,0.46788990825688076,0.614307931570762,109,643,0.16951788491446346
20,6,1,0.49104938271604937,0.4714475431606906,0.4562937062937063,0.5193370165745856,572,181,3.160220994475138
21,6,2,0.5005698130574854,0.5811170212765957,0.4166666666666667,0.5893854748603352,36,716,0.05027932960893855
22,6,3,0.51504914004914,0.5917553191489362,0.509090909090909,0.5982783357245337,55,697,0.07890961262553801
23,6,4,0.5266820232267972,0.5811170212765957,0.45348837209302323,0.6189655172413793,172,580,0.296551724137931
24,7,1,0.4853274984879211,0.46941489361702127,0.45112781954887216,0.5136363636363637,532,220,2.418181818181818
25,7,2,0.4950762307596777,0.5757978723404256,0.3611111111111111,0.5865921787709497,36,716,0.05027932960893855
26,7,3,0.5176670176670177,0.5930851063829787,0.5166666666666667,0.5997109826589595,60,692,0.08670520231213873
27,7,4,0.5082262915388832,0.5459387483355526,0.4092827004219409,0.6089494163424124,237,514,0.46108949416342415
28,8,1,0.496025901021098,0.48138297872340424,0.45857418111753373,0.5321888412017167,519,233,2.227467811158798
29,8,2,0.4871353744329264,0.5704787234042553,0.23076923076923078,0.5826446280991735,26,726,0.03581267217630854
30,8,3,0.5235297997713347,0.59254327563249,0.5119047619047619,0.6026986506746627,84,667,0.12593703148425786
31,8,4,0.5148488080951746,0.5539280958721704,0.4199134199134199,0.6134615384615385,231,520,0.4442307692307692
32,9,1,0.4863521542676202,0.4720744680851064,0.45155038759689925,0.5169491525423728,516,236,2.1864406779661016
33,9,2,0.49291247492275475,0.5739014647137151,0.3333333333333333,0.584958217270195,33,718,0.04596100278551532
34,9,3,0.5171755445457478,0.5885486018641811,0.49333333333333335,0.599112426035503,75,676,0.11094674556213018
35,9,4,0.5044742729306487,0.5379494007989347,0.4031620553359684,0.606425702811245,253,498,0.5080321285140562
36,10,1,0.4883870231403544,0.47536617842876167,0.4534653465346535,0.5203252032520326,505,246,2.0528455284552845
37,10,2,0.4919533160538301,0.5699067909454061,0.34782608695652173,0.5843971631205673,46,705,0.06524822695035461
38,10,3,0.5178095042654862,0.5898801597869507,0.5,0.5994108983799705,72,679,0.10603829160530191
39,10,4,0.4976810043035208,0.5346666666666666,0.3925619834710744,0.6023622047244095,242,508,0.4763779527559055
40,11,1,0.4769737780694496,0.4580559254327563,0.44680851063829785,0.4919786096256685,564,187,3.016042780748663
41,11,2,0.48274612309449544,0.5579227696404794,0.3050847457627119,0.5794797687861272,59,692,0.08526011560693642
42,11,3,0.511727854942243,0.5826666666666667,0.4625,0.5970149253731343,80,670,0.11940298507462686
43,11,4,0.4982384551920976,0.5213333333333333,0.3938356164383562,0.6026200873362445,292,458,0.6375545851528385
44,12,1,0.4817388078865523,0.4647137150466045,0.44954128440366975,0.5048543689320388,545,206,2.645631067961165
45,12,2,0.49574004359025164,0.5653333333333334,0.3924050632911392,0.5856929955290611,79,671,0.11773472429210134
46,12,3,0.530257130462276,0.5933333333333334,0.509090909090909,0.6078125,110,640,0.171875
47,12,4,0.5003902156220037,0.5253333333333333,0.39649122807017545,0.6043010752688172,285,465,0.6129032258064516
48,13,1,0.4821510330223774,0.46266666666666667,0.4495575221238938,0.5027027027027027,565,185,3.054054054054054
49,13,2,0.48990599476036367,0.5573333333333333,0.3707865168539326,0.5824508320726173,89,661,0.1346444780635401
50,13,3,0.5173270784773641,0.5733333333333334,0.45390070921985815,0.6009852216748769,141,609,0.2315270935960591
51,13,4,0.49346667558588087,0.5106666666666667,0.3885350318471338,0.5986238532110092,314,436,0.7201834862385321
52,14,1,0.5005293881989354,0.4786666666666667,0.4616695059625213,0.5398773006134969,587,163,3.6012269938650308
53,14,2,0.49297712612553113,0.5586666666666666,0.3854166666666667,0.5840978593272171,96,654,0.14678899082568808
54,14,3,0.5092977257520166,0.5626666666666666,0.43137254901960786,0.5963149078726968,153,597,0.2562814070351759
55,14,4,0.4904838613447885,0.49132176234979974,0.38605898123324395,0.5957446808510638,373,376,0.9920212765957447
56,15,1,0.5093930635838151,0.48933333333333334,0.46748681898066785,0.5580110497237569,569,181,3.143646408839779
57,15,2,0.4944191268740506,0.5546666666666666,0.3949579831932773,0.5847860538827259,119,631,0.18858954041204437
58,15,3,0.510154325085941,0.5634178905206942,0.432258064516129,0.5976430976430976,155,594,0.2609427609427609
59,15,4,0.5008688324085675,0.5060080106809078,0.3960674157303371,0.6055979643765903,356,393,0.905852417302799
60,16,1,0.5094145252675557,0.48533333333333334,0.46710526315789475,0.5633802816901409,608,142,4.28169014084507
61,16,2,0.5065450422593281,0.5607476635514018,0.42758620689655175,0.5927152317880795,145,604,0.24006622516556292
62,16,3,0.5024048746661945,0.5500667556742324,0.4134078212290503,0.5929824561403508,179,570,0.3140350877192982
63,16,4,0.5006674721078694,0.5100133511348465,0.39589442815249265,0.6053921568627451,341,408,0.8357843137254902
64,17,1,0.5202288707131583,0.4993324432576769,0.4737762237762238,0.5819209039548022,572,177,3.231638418079096
65,17,2,0.5020098948670377,0.5554072096128171,0.4161073825503356,0.59,149,600,0.24833333333333332
66,17,3,0.49352675607489044,0.5353805073431241,0.39705882352941174,0.5871559633027523,204,545,0.3743119266055046
67,17,4,0.505516024874432,0.5200534759358288,0.40186915887850466,0.6088992974238876,321,427,0.7517564402810304
68,18,1,0.525570383125269,0.5060080106809078,0.4776386404293381,0.5894736842105263,559,190,2.942105263157895
69,18,2,0.4945629767058339,0.5460614152202937,0.3987341772151899,0.5854483925549916,158,591,0.2673434856175973
70,18,3,0.5099296128707893,0.5521390374331551,0.4271356783919598,0.5974499089253188,199,549,0.36247723132969034
71,18,4,0.514589811049988,0.5387700534759359,0.41403508771929826,0.6155507559395248,285,463,0.6155507559395248
72,19,1,0.5209140479265318,0.5060080106809078,0.47572815533980584,0.5726495726495726,515,234,2.200854700854701
73,19,2,0.489935064935065,0.5454545454545454,0.38571428571428573,0.5822368421052632,140,608,0.23026315789473684
74,19,3,0.4986173956762192,0.5441176470588235,0.40641711229946526,0.5900178253119429,187,561,0.3333333333333333
75,19,4,0.49908813680937575,0.5334224598930482,0.3944223107569721,0.6036217303822937,251,497,0.5050301810865191
76,20,1,0.5254863883194879,0.5080213903743316,0.4787430683918669,0.5845410628019324,541,207,2.6135265700483092
77,20,2,0.49724025974025976,0.5494652406417112,0.40522875816993464,0.5865546218487395,153,595,0.2571428571428571
78,20,3,0.49811463046757165,0.5441176470588235,0.40540540540540543,0.5896980461811723,185,563,0.3285968028419183
79,20,4,0.5161353149158028,0.5475234270414994,0.4186046511627907,0.6155419222903885,258,489,0.5276073619631901
80,21,1,0.5275398281008379,0.5120320855614974,0.48084291187739464,0.584070796460177,522,226,2.309734513274336
81,21,2,0.4926948051948052,0.5441176470588235,0.39490445859872614,0.583756345177665,157,591,0.2656514382402707
82,21,3,0.4938975590236095,0.5341365461847389,0.39903846153846156,0.5862708719851577,208,539,0.38589981447124305
83,21,4,0.5113299274884641,0.536813922356091,0.4107142857142857,0.6124197002141327,280,467,0.5995717344753747
84,22,1,0.5157154673283706,0.5040106951871658,0.4732510288065844,0.5610687022900763,486,262,1.8549618320610688
85,22,2,0.49538132710114485,0.5475234270414994,0.40131578947368424,0.584873949579832,152,595,0.25546218487394956
86,22,3,0.4899959983993597,0.5301204819277109,0.3923444976076555,0.5836431226765799,209,538,0.38847583643122674
87,22,4,0.5032547791694134,0.535475234270415,0.40077821011673154,0.6061224489795919,257,490,0.5244897959183673
88,23,1,0.5125728547521495,0.499330655957162,0.46987951807228917,0.5582329317269076,498,249,2.0
89,23,2,0.5096256249445316,0.5528781793842035,0.4308510638297872,0.59391771019678,188,559,0.3363148479427549
90,23,3,0.5014339068960918,0.5394912985274432,0.41203703703703703,0.591337099811676,216,531,0.4067796610169492
91,23,4,0.4988726253970156,0.5287817938420348,0.39473684210526316,0.6029106029106029,266,481,0.553014553014553
92,24,1,0.5042775116856137,0.49129852744310576,0.4637096774193548,0.545816733067729,496,251,1.9760956175298805
93,24,2,0.503760760879212,0.5448460508701473,0.41919191919191917,0.5901639344262295,198,549,0.36065573770491804
94,24,3,0.5011337868480726,0.5314591700133868,0.4112903225806452,0.591182364729459,248,499,0.4969939879759519
95,24,4,0.4866966966966967,0.517426273458445,0.3787878787878788,0.5933609958506224,264,482,0.5477178423236515
96,25,1,0.51175774712909,0.4979919678714859,0.4691848906560636,0.5573770491803278,503,244,2.0614754098360657
97,25,2,0.4986021950714433,0.5461847389558233,0.4093567251461988,0.5868055555555556,171,576,0.296875
98,25,3,0.4867572786690434,0.5254691689008043,0.3878504672897196,0.5808270676691729,214,532,0.40225563909774437
99,25,4,0.4760285285285285,0.5080428954423593,0.36398467432950193,0.5855670103092784,261,485,0.5381443298969072
100,26,1,0.5034624040625542,0.4899598393574297,0.4630738522954092,0.5447154471544715,501,246,2.0365853658536586
101,26,2,0.4955746308486034,0.5428954423592494,0.40350877192982454,0.5843478260869566,171,575,0.29739130434782607
102,26,3,0.4778149138443256,0.5067024128686327,0.37890625,0.573469387755102,256,490,0.5224489795918368
103,26,4,0.4802927927927928,0.5187667560321716,0.3670886075949367,0.5893909626719057,237,509,0.4656188605108055
104,27,1,0.5032757723012843,0.4879356568364611,0.4634615384615385,0.5442477876106194,520,226,2.3008849557522124
105,27,2,0.49552274209808456,0.5388739946380697,0.40425531914893614,0.5842293906810035,188,558,0.33691756272401435
106,27,3,0.4816473559120618,0.514745308310992,0.38235294117647056,0.5767716535433071,238,508,0.468503937007874
107,27,4,0.4852637994341781,0.5328859060402684,0.3712871287128713,0.5930018416206262,202,543,0.3720073664825046
108,28,1,0.49723764896448,0.4839142091152815,0.4590818363273453,0.5346938775510204,501,245,2.0448979591836736
109,28,2,0.50206813734211,0.5482573726541555,0.41714285714285715,0.5884413309982487,175,571,0.3064798598949212
110,28,3,0.48805216847559074,0.5261744966442953,0.39069767441860465,0.5811320754716981,215,530,0.4056603773584906
111,28,4,0.4825362667790285,0.5275167785234899,0.36792452830188677,0.5909943714821764,212,533,0.3977485928705441
112,29,1,0.5032323845886845,0.49195710455764075,0.46361746361746364,0.5433962264150943,481,265,1.8150943396226416
113,29,2,0.49703928794317814,0.5409395973154363,0.4076086956521739,0.5846702317290553,184,561,0.32798573975044565
114,29,3,0.4847358077627406,0.5275167785234899,0.3826530612244898,0.5792349726775956,196,549,0.3570127504553734
115,29,4,0.493709745380124,0.5395973154362416,0.3864734299516908,0.5985130111524164,207,538,0.3847583643122677
116,30,1,0.494338282201473,0.48456375838926175,0.45726495726495725,0.5306859205776173,468,277,1.6895306859205776
117,30,2,0.4943497577936937,0.5422818791946309,0.40119760479041916,0.583044982698962,167,578,0.2889273356401384
118,30,3,0.49013280331114983,0.5315436241610738,0.39303482587064675,0.5827205882352942,201,544,0.3694852941176471
119,30,4,0.49402750965250963,0.5362903225806451,0.3881278538812785,0.5980952380952381,219,525,0.41714285714285715
120,31,1,0.4908042394014962,0.48053691275167787,0.45454545454545453,0.5257352941176471,473,272,1.7389705882352942
121,31,2,0.49006656958602035,0.5355704697986577,0.39325842696629215,0.5802469135802469,178,567,0.31393298059964725
122,31,3,0.4870176381054705,0.532258064516129,0.3858695652173913,0.5803571428571429,184,560,0.32857142857142857
123,31,4,0.48956322393822393,0.5309139784946236,0.3811659192825112,0.5950095969289827,223,521,0.42802303262955854
124,32,1,0.4794119352780839,0.47516778523489933,0.4433734939759036,0.5151515151515151,415,330,1.2575757575757576
125,32,2,0.48431728821637077,0.5201612903225806,0.3881278538812785,0.5752380952380952,219,525,0.41714285714285715
126,32,3,0.49028561196167963,0.5349462365591398,0.3924731182795699,0.5824372759856631,186,558,0.3333333333333333
127,32,4,0.49288127413127414,0.5362903225806451,0.386046511627907,0.5973534971644613,215,529,0.4064272211720227
128,33,1,0.4793846288069913,0.4731182795698925,0.44341801385681295,0.5144694533762058,433,311,1.392282958199357
129,33,2,0.4926277850589777,0.5282258064516129,0.4018264840182648,0.580952380952381,219,525,0.41714285714285715
130,33,3,0.4924344166890501,0.532258064516129,0.39805825242718446,0.5836431226765799,206,538,0.3828996282527881
131,33,4,0.49728523166023164,0.5443548387096774,0.39303482587064675,0.6003683241252302,201,543,0.3701657458563536
132,34,1,0.48788378906960006,0.4838709677419355,0.45012165450121655,0.5255255255255256,411,333,1.2342342342342343
133,34,2,0.4810705349696175,0.5174731182795699,0.3824884792626728,0.573055028462998,217,527,0.4117647058823529
134,34,3,0.4903079953442564,0.5309139784946236,0.39408866995073893,0.5822550831792976,203,541,0.3752310536044362
135,34,4,0.49524608501118567,0.5450874831763123,0.3894736842105263,0.5985533453887885,190,553,0.3435804701627486
136,35,1,0.49241328166464304,0.49193548387096775,0.4535809018567639,0.5313351498637602,377,367,1.0272479564032697
137,35,2,0.49749791492910755,0.532258064516129,0.4099099099099099,0.5842911877394636,222,522,0.42528735632183906
138,35,3,0.48442664632595983,0.5208613728129206,0.38636363636363635,0.5774378585086042,220,523,0.42065009560229444
139,35,4,0.5075730092508616,0.5585464333781965,0.41304347826086957,0.6064400715563506,184,559,0.3291592128801431
140,36,1,0.49385283147815595,0.4946236559139785,0.4547945205479452,0.5329815303430079,365,379,0.9630606860158312
141,36,2,0.4968323222663838,0.531628532974428,0.4080717488789238,0.5846153846153846,223,520,0.4288461538461538
142,36,3,0.4872047980137898,0.5235531628532974,0.39090909090909093,0.5793499043977055,220,523,0.42065009560229444
143,36,4,0.5008842735352803,0.5491251682368775,0.4,0.6021897810218978,195,548,0.35583941605839414
144,37,1,0.4959438775510203,0.4979811574697174,0.45738636363636365,0.5345268542199488,352,391,0.9002557544757033
145,37,2,0.4976130352927114,0.5302826379542396,0.40948275862068967,0.5851272015655578,232,511,0.45401174168297453
146,37,3,0.4894931275332406,0.5262449528936743,0.3944954128440367,0.580952380952381,218,525,0.41523809523809524
147,37,4,0.4888422615440553,0.532345013477089,0.38028169014084506,0.5935727788279773,213,529,0.40264650283553877
148,38,1,0.49907069970845486,0.5020188425302826,0.4606413994169096,0.5375,343,400,0.8575
149,38,2,0.49043346382571795,0.5235531628532974,0.39826839826839827,0.580078125,231,512,0.451171875
150,38,3,0.49075664928536594,0.5296495956873315,0.3952380952380952,0.5827067669172933,210,532,0.39473684210526316
151,38,4,0.4854638831656769,0.5296495956873315,0.3744075829383886,0.591337099811676,211,531,0.3973634651600753
152,39,1,0.5009438775510204,0.5033647375504711,0.46264367816091956,0.5392405063291139,348,395,0.8810126582278481
153,39,2,0.48696558133956946,0.5161725067385444,0.39357429718875503,0.5780933062880325,249,493,0.5050709939148073
154,39,3,0.5007127583749109,0.5431266846361186,0.41237113402061853,0.5894160583941606,194,548,0.354014598540146
155,39,4,0.4961368318991637,0.5404312668463612,0.3923444976076555,0.5984990619136961,209,533,0.3921200750469043
156,40,1,0.48788011695906425,0.48921832884097033,0.44846796657381616,0.5274151436031331,359,383,0.9373368146214099
157,40,2,0.4988607063620556,0.5215633423180593,0.4109090909090909,0.5867237687366167,275,467,0.588865096359743
158,40,3,0.4980830551074764,0.5417789757412399,0.4074074074074074,0.5877034358047016,189,553,0.34177215189873417
159,40,4,0.4974681141815973,0.5479082321187584,0.3945945945945946,0.5989208633093526,185,556,0.3327338129496403
160,41,1,0.4990862573099415,0.5040431266846361,0.45987654320987653,0.5382775119617225,324,418,0.7751196172248804
161,41,2,0.4936739221682557,0.522911051212938,0.4032258064516129,0.582995951417004,248,494,0.5020242914979757
162,41,3,0.49696570912919236,0.5425101214574899,0.40555555555555556,0.5864527629233511,180,561,0.32085561497326204
163,41,4,0.4957561494078348,0.5506072874493927,0.3905325443786982,0.5979020979020979,169,572,0.29545454545454547
164,42,1,0.4840423976608187,0.49056603773584906,0.44193548387096776,0.5254629629629629,310,432,0.7175925925925926
165,42,2,0.49418526031102095,0.5290148448043185,0.40358744394618834,0.583011583011583,223,518,0.4305019305019305
166,42,3,0.5013836667167996,0.5506072874493927,0.4146341463414634,0.5892547660311959,164,577,0.28422876949740034
167,42,4,0.492950956574552,0.5465587044534413,0.3850574712643678,0.5961199294532628,174,567,0.30687830687830686
168,43,1,0.48600668337510444,0.4939271255060729,0.4440677966101695,0.5269058295964125,295,446,0.6614349775784754
169,43,2,0.49007212080234397,0.5236167341430499,0.39737991266375544,0.580078125,229,512,0.447265625
170,43,3,0.4961347571063318,0.5479082321187584,0.4025974025974026,0.58603066439523,154,587,0.262350936967632
171,43,4,0.49574855754631036,0.5519568151147098,0.3902439024390244,0.5979202772963604,164,577,0.28422876949740034
172,44,1,0.47535505430242275,0.4844804318488529,0.4295774647887324,0.5185995623632386,284,457,0.6214442013129103
173,44,2,0.49213432499436555,0.5209176788124157,0.40160642570281124,0.5813008130081301,249,492,0.5060975609756098
174,44,3,0.49269439013385474,0.543859649122807,0.39490445859872614,0.583904109589041,157,584,0.2688356164383562
175,44,4,0.4842342342342343,0.5364864864864864,0.3687150837988827,0.5900178253119429,179,561,0.31907308377896615
176,45,1,0.47827903091060986,0.48717948717948717,0.43356643356643354,0.5208791208791209,286,455,0.6285714285714286
177,45,2,0.4912328149650665,0.5141700404858299,0.40145985401459855,0.5802997858672377,274,467,0.5867237687366167
178,45,3,0.4857169775767854,0.5364864864864864,0.379746835443038,0.5790378006872853,158,582,0.27147766323024053
179,45,4,0.48592342342342343,0.5418918918918919,0.3696969696969697,0.591304347826087,165,575,0.28695652173913044
180,46,1,0.48412698412698413,0.4939271255060729,0.4404332129963899,0.5258620689655172,277,464,0.5969827586206896
181,46,2,0.4963705912472516,0.518918918918919,0.40875912408759124,0.5836909871244635,274,466,0.5879828326180258
182,46,3,0.4837384586395327,0.5324324324324324,0.3772455089820359,0.5776614310645725,167,573,0.2914485165794066
183,46,4,0.4994369369369369,0.5581081081081081,0.39869281045751637,0.5996592844974447,153,587,0.2606473594548552
184,47,1,0.47336095683093826,0.4810810810810811,0.42905405405405406,0.5157657657657657,296,444,0.6666666666666666
185,47,2,0.504352278545827,0.5243243243243243,0.41901408450704225,0.5899122807017544,284,456,0.6228070175438597
186,47,3,0.4815715093273036,0.522972972972973,0.3787878787878788,0.5756457564575646,198,542,0.36531365313653136
187,47,4,0.47491001159172713,0.523680649526387,0.3541666666666667,0.583180987202925,192,547,0.3510054844606947
188,48,1,0.4770857210026742,0.48243243243243245,0.43573667711598746,0.517814726840855,319,421,0.7577197149643705
189,48,2,0.5128158790397879,0.5297297297297298,0.42905405405405406,0.5968468468468469,296,444,0.6666666666666666
190,48,3,0.4897068822240689,0.523680649526387,0.3964757709251101,0.580078125,227,512,0.443359375
191,48,4,0.47491001159172713,0.523680649526387,0.3541666666666667,0.583180987202925,192,547,0.3510054844606947
192,49,1,0.47772488171853417,0.4837837837837838,0.4358974358974359,0.5186915887850467,312,428,0.7289719626168224
193,49,2,0.5112114899847544,0.5277401894451962,0.4276094276094276,0.5950226244343891,297,442,0.6719457013574661
194,49,3,0.5002077510009821,0.5331529093369418,0.41304347826086957,0.587426326129666,230,509,0.4518664047151277
195,49,4,0.47203114514062594,0.510148849797023,0.3577586206896552,0.5798816568047337,232,507,0.45759368836291914
196,50,1,0.4904692082111437,0.4912043301759134,0.45179063360881544,0.5292553191489362,363,376,0.9654255319148937
197,50,2,0.500709444670863,0.5115020297699594,0.4148606811145511,0.5865384615384616,323,416,0.7764423076923077
198,50,3,0.49542192339654,0.5263870094722598,0.40585774058577406,0.584,239,500,0.478
199,50,4,0.4824354897884309,0.5257452574525745,0.37142857142857144,0.5871212121212122,210,528,0.3977272727272727
200,51,1,0.48104525560353084,0.4817320703653586,0.4423076923076923,0.52,364,375,0.9706666666666667
201,51,2,0.5106001600024151,0.516914749661705,0.4252199413489736,0.5954773869346733,341,398,0.8567839195979899
202,51,3,0.485227686150861,0.5040650406504065,0.3938356164383562,0.5762331838565022,292,446,0.6547085201793722
203,51,4,0.4829475969181852,0.521680216802168,0.3744493392070485,0.5870841487279843,227,511,0.44422700587084146
204,52,1,0.49048026054023786,0.4871447902571042,0.4527363184079602,0.5281899109792285,402,337,1.1928783382789319
205,52,2,0.5135425737326317,0.5121951219512195,0.4262734584450402,0.6,373,365,1.021917808219178
206,52,3,0.4816047174387581,0.4986449864498645,0.39,0.5730593607305936,300,438,0.684931506849315
207,52,4,0.4817705148587501,0.516260162601626,0.37448559670781895,0.5858585858585859,243,495,0.4909090909090909
208,53,1,0.4946940585279337,0.4878048780487805,0.45622119815668205,0.5328947368421053,434,304,1.4276315789473684
209,53,2,0.5180895771021845,0.513550135501355,0.43005181347150256,0.6051136363636364,386,352,1.0965909090909092
210,53,3,0.4932846228474412,0.5094850948509485,0.40397350993377484,0.5825688073394495,302,436,0.6926605504587156
211,53,4,0.4829475969181852,0.521680216802168,0.3744493392070485,0.5870841487279843,227,511,0.44422700587084146
212,54,1,0.5003621046408513,0.4932249322493225,0.4610091743119266,0.5397350993377483,436,302,1.4437086092715232
213,54,2,0.5052739181463674,0.5013550135501355,0.41818181818181815,0.5920679886685553,385,353,1.0906515580736544
214,54,3,0.49425479020130975,0.5013550135501355,0.40588235294117647,0.5829145728643216,340,398,0.8542713567839196
215,54,4,0.4740914383771527,0.5115332428765265,0.3620689655172414,0.5801980198019802,232,505,0.4594059405940594
216,55,1,0.48626958321016855,0.481029810298103,0.4486873508353222,0.5235109717868338,419,319,1.3134796238244515
217,55,2,0.4954794987316852,0.48644986449864497,0.40931372549019607,0.5818181818181818,408,330,1.2363636363636363
218,55,3,0.4854594627446214,0.4898236092265943,0.3977272727272727,0.574025974025974,352,385,0.9142857142857143
219,55,4,0.4717779003493289,0.5061058344640434,0.36065573770491804,0.5780933062880325,244,493,0.4949290060851927
220,56,1,0.4967780076854862,0.4905149051490515,0.45794392523364486,0.535483870967742,428,310,1.3806451612903226
221,56,2,0.5029409532483303,0.5020352781546812,0.4166666666666667,0.589041095890411,372,365,1.0191780821917809
222,56,3,0.4978842530691625,0.49118046132971505,0.4105793450881612,0.5852941176470589,397,340,1.1676470588235295
223,56,4,0.48471302935588656,0.5156037991858887,0.3803921568627451,0.5871369294605809,255,482,0.529045643153527
224,57,1,0.5084345829011705,0.5020352781546812,0.46853146853146854,0.5487012987012987,429,308,1.3928571428571428
225,57,2,0.5136422282938676,0.5061058344640434,0.42606516290726815,0.6005917159763313,399,338,1.180473372781065
226,57,3,0.49802479640209063,0.48846675712347354,0.41075794621026895,0.5853658536585366,409,328,1.2469512195121952
227,57,4,0.49167690417690413,0.5230978260869565,0.3904382470119522,0.5917525773195876,251,485,0.5175257731958763
228,58,1,0.5092791524670321,0.5020352781546812,0.4691075514874142,0.55,437,300,1.4566666666666668
229,58,2,0.5171144505160898,0.5101763907734057,0.4292929292929293,0.6041055718475073,396,341,1.1612903225806452
230,58,3,0.5178484405458089,0.5095108695652174,0.428927680798005,0.6059701492537314,401,335,1.1970149253731344
231,58,4,0.490509828009828,0.5203804347826086,0.38910505836575876,0.5908141962421712,257,479,0.5365344467640919
232,59,1,0.49206919543636096,0.4830393487109905,0.45494505494505494,0.5283687943262412,455,282,1.6134751773049645
233,59,2,0.5116655889848237,0.5027173913043478,0.4246913580246914,0.5981873111782477,405,331,1.2235649546827794
234,59,3,0.5173001949317738,0.5054347826086957,0.42788461538461536,0.60625,416,320,1.3
235,59,4,0.48258599508599503,0.5122282608695652,0.3783783783783784,0.5849056603773585,259,477,0.5429769392033543
236,60,1,0.4875074272133096,0.4796195652173913,0.451685393258427,0.5223367697594502,445,291,1.529209621993127
237,60,2,0.49870297820546955,0.48641304347826086,0.41330166270783847,0.5841269841269842,421,315,1.3365079365079364
238,60,3,0.49738060428849906,0.47690217391304346,0.41098901098901097,0.5836298932384342,455,281,1.6192170818505338
239,60,4,0.4776134334790371,0.5061224489795918,0.3726235741444867,0.5805084745762712,263,472,0.5572033898305084
240,61,1,0.501797385620915,0.49320652173913043,0.4634146341463415,0.5403508771929825,451,285,1.5824561403508772
241,61,2,0.4980982085124187,0.48233695652173914,0.41284403669724773,0.5833333333333334,436,300,1.4533333333333334
242,61,3,0.5069109476126512,0.48707482993197276,0.4190687361419069,0.5950704225352113,451,284,1.5880281690140845
243,61,4,0.47294219048205377,0.4965986394557823,0.36879432624113473,0.5761589403973509,282,453,0.6225165562913907
244,62,1,0.4986185383244206,0.48777173913043476,0.4608879492600423,0.5361216730038023,473,263,1.7984790874524714
245,62,2,0.4912695386961495,0.47891156462585033,0.4075829383886256,0.5750798722044729,422,313,1.3482428115015974
246,62,3,0.4853385639272194,0.46802721088435373,0.4018058690744921,0.5684931506849316,443,292,1.5171232876712328
247,62,4,0.4798143815797575,0.5061224489795918,0.3763837638376384,0.5818965517241379,271,464,0.584051724137931
248,63,1,0.48894266567386446,0.4775510204081633,0.45416666666666666,0.5215686274509804,480,255,1.8823529411764706
249,63,2,0.5025352649637819,0.48707482993197276,0.41705069124423966,0.5880398671096345,434,301,1.441860465116279
250,63,3,0.488715807790939,0.4748299319727891,0.40420560747663553,0.5732899022801303,428,307,1.3941368078175895
251,63,4,0.47353090562088285,0.49795918367346936,0.36917562724014336,0.5767543859649122,279,456,0.6118421052631579
252,64,1,0.4940990320178704,0.47891156462585033,0.4584139264990329,0.5275229357798165,517,218,2.371559633027523
253,64,2,0.509778879146016,0.49387755102040815,0.42298850574712643,0.5966666666666667,435,300,1.45
254,64,3,0.4938408230553182,0.48027210884353744,0.4084507042253521,0.5792880258899676,426,309,1.3786407766990292
255,64,4,0.4798762803899791,0.5040871934604905,0.3776978417266187,0.581140350877193,278,456,0.6096491228070176
256,65,1,0.49434102755026066,0.48027210884353744,0.45849802371541504,0.5283842794759825,506,229,2.2096069868995634
257,65,2,0.5127906976744186,0.49795918367346936,0.4255813953488372,0.6,430,305,1.4098360655737705
258,65,3,0.4947215422276622,0.48365122615803813,0.40963855421686746,0.5799373040752351,415,319,1.3009404388714734
259,65,4,0.4810178329013945,0.5054495912806539,0.37906137184115524,0.5820568927789934,277,457,0.6061269146608315
260,66,1,0.4944154877140729,0.48299319727891155,0.4583333333333333,0.5294117647058824,480,255,1.8823529411764706
261,66,2,0.5097137834842753,0.5,0.42401960784313725,0.5950920245398773,408,326,1.2515337423312884
262,66,3,0.49860771113831087,0.4904632152588556,0.4129353233830846,0.5843373493975904,402,332,1.2108433734939759
263,66,4,0.4772306553128471,0.5068119891008175,0.37209302325581395,0.5798319327731093,258,476,0.542016806722689
264,67,1,0.4888316343676487,0.4768392370572207,0.453416149068323,0.5219123505976095,483,251,1.9243027888446216
265,67,2,0.5003133478543315,0.494550408719346,0.41581632653061223,0.5847953216374269,392,342,1.1461988304093567
266,67,3,0.5005354957160343,0.4904632152588556,0.4146341463414634,0.5864197530864198,410,324,1.2654320987654322
267,67,4,0.4757174222277197,0.5061391541609823,0.3700787401574803,0.5782881002087683,254,479,0.5302713987473904
268,68,1,0.4831634367648706,0.47411444141689374,0.44835164835164837,0.5161290322580645,455,279,1.6308243727598566
269,68,2,0.5054874087660973,0.49727520435967304,0.42039800995024873,0.5903614457831325,402,332,1.2108433734939759
270,68,3,0.5142198809961968,0.5115961800818554,0.42819148936170215,0.5994397759103641,376,357,1.0532212885154062
271,68,4,0.4825282948852743,0.5129604365620737,0.3794466403162055,0.5833333333333334,253,480,0.5270833333333333
272,69,1,0.4833837422052948,0.47547683923705725,0.44819819819819817,0.5172413793103449,444,290,1.5310344827586206
273,69,2,0.5099203309330473,0.5129604365620737,0.42613636363636365,0.5931758530183727,352,381,0.9238845144356955
274,69,3,0.5002453686664213,0.504774897680764,0.414985590778098,0.5854922279792746,347,386,0.8989637305699482
275,69,4,0.4865599294947121,0.5184174624829468,0.38461538461538464,0.5864197530864198,247,486,0.5082304526748971
276,70,1,0.48499618166299807,0.48021828103683495,0.4492753623188406,0.5203761755485894,414,319,1.297805642633229
277,70,2,0.504776313773556,0.5075034106412005,0.4209039548022599,0.5883905013192612,354,379,0.9340369393139841
278,70,3,0.4980562200956938,0.5061391541609823,0.4126506024096386,0.5835411471321695,332,401,0.827930174563591
279,70,4,0.4881601785271511,0.5259562841530054,0.38565022421524664,0.587426326129666,223,509,0.4381139489194499
280,71,1,0.4777937499064133,0.47203274215552526,0.44339622641509435,0.511326860841424,424,309,1.372168284789644
281,71,2,0.5104106021142946,0.5102319236016372,0.4262295081967213,0.5940054495912807,366,367,0.997275204359673
282,71,3,0.49621864240039343,0.5122950819672131,0.4107744107744108,0.5816091954022988,297,435,0.6827586206896552
283,71,4,0.48490577733697,0.5259562841530054,0.3791469194312796,0.5854126679462572,211,521,0.4049904030710173
284,72,1,0.47916385906592995,0.47748976807639837,0.4427083333333333,0.5157593123209169,384,349,1.1002865329512894
285,72,2,0.4971896955503512,0.5095628415300546,0.41346153846153844,0.580952380952381,312,420,0.7428571428571429
286,72,3,0.49717166748647323,0.5122950819672131,0.4119601328903654,0.5823665893271461,301,431,0.6983758700696056
287,72,4,0.47875340937267546,0.5218579234972678,0.36764705882352944,0.5814393939393939,204,528,0.38636363636363635
288,73,1,0.472077731991263,0.47404371584699456,0.4339080459770115,0.5104166666666666,348,384,0.90625
289,73,2,0.4985948477751757,0.5122950819672131,0.4150326797385621,0.5821596244131455,306,426,0.7183098591549296
290,73,3,0.49864731923266115,0.5095628415300546,0.41379310344827586,0.5835351089588378,319,413,0.7723970944309927
291,73,4,0.47917183238284156,0.5191256830601093,0.37037037037037035,0.5813953488372093,216,516,0.4186046511627907
292,74,1,0.46730392488009187,0.4713114754098361,0.4268292682926829,0.5074257425742574,328,404,0.8118811881188119
293,74,2,0.5032786885245901,0.5259562841530054,0.42105263157894735,0.5858369098712446,266,466,0.5708154506437768
294,74,3,0.5081621987211019,0.5245901639344263,0.42517006802721086,0.591324200913242,294,438,0.6712328767123288
295,74,4,0.48017241379310344,0.5239398084815321,0.37,0.5819209039548022,200,531,0.3766478342749529
296,75,1,0.4690378076516022,0.47404371584699456,0.4276729559748428,0.5096618357487923,318,414,0.7681159420289855
297,75,2,0.5014051522248244,0.5259562841530054,0.4186046511627907,0.5843881856540084,258,474,0.5443037974683544
298,75,3,0.5003967398003204,0.5198358413132695,0.41637010676156583,0.5844444444444444,281,450,0.6244444444444445
299,75,4,0.47712410686548623,0.5170998632010944,0.3674418604651163,0.5794573643410853,215,516,0.4166666666666667
300,76,1,0.4635997207773199,0.46994535519125685,0.419672131147541,0.5058548009367682,305,427,0.7142857142857143
301,76,2,0.5007696451935658,0.5266757865937073,0.41832669322709165,0.5833333333333334,251,480,0.5229166666666667
302,76,3,0.4949887526192531,0.5157318741450069,0.40942028985507245,0.5802197802197803,276,455,0.6065934065934065
303,76,4,0.46035259397328365,0.4952120383036936,0.3459915611814346,0.5668016194331984,237,494,0.4797570850202429
304,77,1,0.45717587364680734,0.4637482900136799,0.41118421052631576,0.5011709601873536,304,427,0.711943793911007
305,77,2,0.499595936273378,0.5253077975376197,0.4166666666666667,0.5824634655532359,252,479,0.5260960334029228
306,77,3,0.48093723037100955,0.4993160054719562,0.3923611111111111,0.5688487584650113,288,443,0.6501128668171557
307,77,4,0.45302964254577155,0.4863013698630137,0.3374485596707819,0.5605749486652978,243,487,0.4989733059548255
308,78,1,0.45501528223195875,0.45964432284541723,0.4117647058823529,0.49754901960784315,323,408,0.7916666666666666
309,78,2,0.4876164088355268,0.5102599179206566,0.40074906367041196,0.5732758620689655,267,464,0.5754310344827587
310,78,3,0.4837456758092414,0.5013698630136987,0.39655172413793105,0.5704545454545454,290,440,0.6590909090909091
311,78,4,0.4571708805579773,0.48356164383561645,0.34944237918215615,0.561822125813449,269,461,0.5835140997830802
312,79,1,0.44895132270352467,0.45690834473324216,0.39862542955326463,0.4954545454545455,291,440,0.6613636363636364
313,79,2,0.4792824932048432,0.49726027397260275,0.39100346020761245,0.5668934240362812,289,441,0.655328798185941
314,79,3,0.48116660489251295,0.49726027397260275,0.3939393939393939,0.5681293302540416,297,433,0.6859122401847575
315,79,4,0.45878222692738824,0.48356164383561645,0.3527272727272727,0.5626373626373626,275,455,0.6043956043956044
316,80,1,0.445432305705937,0.4534246575342466,0.3938356164383562,0.4931506849315068,292,438,0.6666666666666666
317,80,2,0.48609309364961695,0.5041095890410959,0.3993055555555556,0.5723981900452488,288,442,0.6515837104072398
318,80,3,0.48491938472942925,0.5027397260273972,0.39792387543252594,0.5714285714285714,289,441,0.655328798185941
319,80,4,0.45947043661641807,0.4869684499314129,0.35094339622641507,0.5646551724137931,265,464,0.5711206896551724
320,81,1,0.44606655038847487,0.4534246575342466,0.3959731543624161,0.4930555555555556,298,432,0.6898148148148148
321,81,2,0.48351402273288857,0.5,0.39661016949152544,0.5701149425287356,295,435,0.6781609195402298
322,81,3,0.48462557523357974,0.5006858710562414,0.39730639730639733,0.5717592592592593,297,432,0.6875
323,81,4,0.4629266578145747,0.49108367626886146,0.3549618320610687,0.5674518201284796,262,467,0.5610278372591007
324,82,1,0.4594158908495103,0.4643835616438356,0.415625,0.5024390243902439,320,410,0.7804878048780488
325,82,2,0.486089806163715,0.49794238683127573,0.4,0.572463768115942,315,414,0.7608695652173914
326,82,3,0.4895760702830846,0.50480109739369,0.4033333333333333,0.5757575757575758,300,429,0.6993006993006993
327,82,4,0.46366867140513934,0.49519890260631,0.3534136546184739,0.56875,249,480,0.51875
328,83,1,0.45042711741185026,0.4567901234567901,0.4025974025974026,0.49643705463182897,308,421,0.7315914489311164
329,83,2,0.49034304838934595,0.5006858710562414,0.40498442367601245,0.5759803921568627,321,408,0.7867647058823529
330,83,3,0.48506716868869987,0.5034293552812071,0.397212543554007,0.5723981900452488,287,442,0.6493212669683258
331,83,4,0.45986878075451065,0.49519890260631,0.3446808510638298,0.5668016194331984,235,494,0.4757085020242915
332,84,1,0.4493252453653217,0.45816186556927296,0.39649122807017545,0.49774774774774777,285,444,0.6418918918918919
333,84,2,0.49170269139590017,0.5061728395061729,0.40594059405940597,0.5774647887323944,303,426,0.7112676056338029
334,84,3,0.4836378003997583,0.5034293552812071,0.39501779359430605,0.5714285714285714,281,448,0.6272321428571429
335,84,4,0.45912881281544876,0.49313186813186816,0.34439834024896265,0.5667351129363449,241,487,0.4948665297741273
336,85,1,0.4589013086150491,0.4663923182441701,0.4107744107744108,0.5046296296296297,297,432,0.6875
337,85,2,0.4935039278575746,0.51440329218107,0.4072727272727273,0.579295154185022,275,454,0.6057268722466961
338,85,3,0.47734974971240246,0.5,0.3851851851851852,0.5676855895196506,270,458,0.5895196506550219
339,85,4,0.4574829931972789,0.49313186813186816,0.3404255319148936,0.565922920892495,235,493,0.4766734279918864
340,86,1,0.46543302435478007,0.47599451303155005,0.4141791044776119,0.5119305856832972,268,461,0.5813449023861171
341,86,2,0.4930043839194104,0.510989010989011,0.40625,0.5795454545454546,288,440,0.6545454545454545
342,86,3,0.47810372166775483,0.49862637362637363,0.3870967741935484,0.5679287305122495,279,449,0.621380846325167
343,86,4,0.45078999341672155,0.49038461538461536,0.3257918552036199,0.5621301775147929,221,507,0.4358974358974359
344,87,1,0.4689625850340136,0.4793956043956044,0.41947565543071164,0.5140997830802603,267,461,0.579175704989154
345,87,2,0.49453564655038407,0.5178571428571429,0.4075471698113208,0.5809935205183585,265,463,0.572354211663067
346,87,3,0.48887697043186273,0.5123626373626373,0.4,0.5766738660907127,265,463,0.572354211663067
347,87,4,0.4535553074031551,0.4951856946354883,0.32710280373831774,0.5653021442495126,214,513,0.4171539961013645
348,88,1,0.4559948979591837,0.46703296703296704,0.40076335877862596,0.5042918454935622,262,466,0.5622317596566524
349,88,2,0.49543730373410444,0.5206043956043956,0.4085603112840467,0.5817409766454352,257,471,0.5456475583864119
350,88,3,0.490524542604464,0.5103163686382394,0.40213523131672596,0.57847533632287,281,446,0.6300448430493274
351,88,4,0.4523599817555559,0.4924346629986245,0.32727272727272727,0.5641025641025641,220,507,0.4339250493096647
352,89,1,0.4642857142857143,0.4739010989010989,0.41454545454545455,0.5099337748344371,275,453,0.6070640176600441
353,89,2,0.487654850019478,0.515818431911967,0.3975409836065574,0.5755693581780539,244,483,0.505175983436853
354,89,3,0.4936479341163258,0.5116918844566712,0.40625,0.5808656036446469,288,439,0.6560364464692483
355,89,4,0.4569250247715512,0.4965612104539202,0.334841628959276,0.567193675889328,221,506,0.4367588932806324
356,90,1,0.4705958470344659,0.4814305364511692,0.421455938697318,0.5150214592274678,261,466,0.5600858369098712
357,90,2,0.4918815738215816,0.5213204951856947,0.40336134453781514,0.5787321063394683,238,489,0.4867075664621677
358,90,3,0.5001130815903171,0.5226960110041265,0.4141791044776119,0.5860566448801743,268,459,0.5838779956427015
359,90,4,0.4624944763588157,0.5013774104683195,0.34375,0.5717131474103586,224,502,0.44621513944223107
360,91,1,0.4693170746559493,0.48005502063273725,0.4198473282442748,0.513978494623656,262,465,0.5634408602150538
361,91,2,0.48521620568757307,0.5185694635488308,0.3918918918918919,0.5742574257425742,222,505,0.4396039603960396
362,91,3,0.49808481532147736,0.5275482093663911,0.4117647058823529,0.5840163934426229,238,488,0.48770491803278687
363,91,4,0.4745123413925889,0.512396694214876,0.36283185840707965,0.58,226,500,0.452
364,92,1,0.4730848861283643,0.48005502063273725,0.42953020134228187,0.5151515151515151,298,429,0.6946386946386947
365,92,2,0.49479882544045983,0.5234159779614325,0.4083333333333333,0.5802469135802469,240,486,0.49382716049382713
366,92,3,0.5032753566542897,0.5330578512396694,0.4194915254237288,0.5877551020408164,236,490,0.4816326530612245
367,92,4,0.47280001262546556,0.5110192837465565,0.36,0.5788423153692615,225,501,0.4491017964071856
368,93,1,0.485187728937729,0.49449035812672176,0.4432234432234432,0.5253863134657837,273,453,0.6026490066225165
369,93,2,0.5018508684243409,0.5344352617079889,0.4189189189189189,0.5853174603174603,222,504,0.44047619047619047
370,93,3,0.505421145202267,0.5344352617079889,0.4225941422594142,0.5893223819301848,239,487,0.49075975359342916
371,93,4,0.48372893125434,0.5234159779614325,0.3761467889908257,0.5866141732283464,218,508,0.42913385826771655
372,94,1,0.4948260073260073,0.5055096418732782,0.4555984555984556,0.5331905781584583,259,467,0.5546038543897216
373,94,2,0.509629201549419,0.5440771349862259,0.431924882629108,0.5906432748538012,213,513,0.4152046783625731
374,94,3,0.5091577095954661,0.5399449035812672,0.42857142857142855,0.591919191919192,231,495,0.4666666666666667
375,94,4,0.48400376475054574,0.5255172413793103,0.3761904761904762,0.5864077669902913,210,515,0.4077669902912621
376,95,1,0.49503205128205124,0.5055096418732782,0.4559386973180077,0.5333333333333333,261,465,0.5612903225806452
377,95,2,0.5100587279770086,0.5495867768595041,0.43455497382198954,0.5906542056074766,191,535,0.35700934579439253
378,95,3,0.5148522221525732,0.5503448275862068,0.44019138755980863,0.5949612403100775,209,516,0.4050387596899225
379,95,4,0.48400376475054574,0.5255172413793103,0.3761904761904762,0.5864077669902913,210,515,0.4077669902912621
380,96,1,0.49313186813186816,0.5041322314049587,0.453125,0.5319148936170213,256,470,0.5446808510638298
381,96,2,0.5125953063109607,0.5517241379310345,0.4397905759162304,0.5917602996254682,191,534,0.35767790262172283
382,96,3,0.5129756158716229,0.5475862068965517,0.43661971830985913,0.59375,213,512,0.416015625
383,96,4,0.48866224809389736,0.5324137931034483,0.38308457711442784,0.5896946564885496,201,524,0.383587786259542
384,97,1,0.4991963260619977,0.5103448275862069,0.4609375,0.5373134328358209,256,469,0.5458422174840085
385,97,2,0.5114093591971569,0.5531034482758621,0.4388888888888889,0.5908256880733945,180,545,0.3302752293577982
386,97,3,0.5115299630163606,0.5475862068965517,0.43478260869565216,0.5926640926640927,207,518,0.3996138996138996
387,97,4,0.4930555555555556,0.5400552486187845,0.39037433155080214,0.5921787709497207,187,537,0.34823091247672255
388,98,1,0.49579027937236886,0.5075862068965518,0.456,0.5347368421052632,250,475,0.5263157894736842
389,98,2,0.5054952796956461,0.5489655172413793,0.4277456647398844,0.5869565217391305,173,552,0.3134057971014493
390,98,3,0.5191913479889729,0.5607734806629834,0.4530386740331492,0.5966850828729282,181,543,0.3333333333333333
391,98,4,0.4925481988838153,0.5414364640883977,0.3888888888888889,0.5919117647058824,180,544,0.33088235294117646
392,99,1,0.48832759280520477,0.5006896551724138,0.4448979591836735,0.5291666666666667,245,480,0.5104166666666666
393,99,2,0.49714898329445584,0.5400552486187845,0.4101123595505618,0.5824175824175825,178,546,0.326007326007326
394,99,3,0.5241119043692027,0.5704419889502762,0.46875,0.599290780141844,160,564,0.28368794326241137
395,99,4,0.49949264332825977,0.5497237569060773,0.40229885057471265,0.5963636363636363,174,550,0.31636363636363635
